lineId,speakerId,expressionId,backgroundPath,text,nextLineId,nextScenePath,archiveUnlockIds,choice1Text,choice1NextLineId,choice2Text,choice2NextLineId,choice3Text,choice3NextLineId
chapter_yowashi_tennis_001,,,Assets/Art/Backgrounds/white_room.png,翌日……,chapter_yowashi_tennis_002,,,,,,,,
chapter_yowashi_tennis_002,,,,(朝起きたらすぐヨワシちゃんに呼ばれて部屋の真ん中に集まった。どうやらみんなも呼ばれているみたいだ。),chapter_yowashi_tennis_003,,,,,,,,
chapter_yowashi_tennis_003,yowashi,normal,,やあやあ諸君！元気していたかね？,chapter_yowashi_tennis_004,,,,,,,,
chapter_yowashi_tennis_004,doute,normal,,変わらず快調です、ヨワシ様,chapter_yowashi_tennis_005,,,,,,,,
chapter_yowashi_tennis_005,moteru,normal,,"……？
　あ、僕も元気だよ",chapter_yowashi_tennis_006,,,,,,,,
chapter_yowashi_tennis_006,kayo,normal,,わ、私も元気だけど……,chapter_yowashi_tennis_007,,,,,,,,
chapter_yowashi_tennis_007,yowashi,normal,,うむ、それは苦しゅうない！じゃあ4人とも、テニスやろっか！,chapter_yowashi_tennis_008,,,,,,,,
chapter_yowashi_tennis_008,doute,normal,,え？テニス？,chapter_yowashi_tennis_009,,,,,,,,
chapter_yowashi_tennis_009,yowashi,normal,,うん、テニスの女王様って漫画面白いじゃん？前からやってみたくてさ〜,chapter_yowashi_tennis_010,,,,,,,,
chapter_yowashi_tennis_010,doute,normal,,じゃあやってみよっか！2人はどう？,chapter_yowashi_tennis_011,,,,,,,,
chapter_yowashi_tennis_011,moteru,normal,,ドウテくんがやるなら僕もやろうかな。テニスはやったことないんだけど……,chapter_yowashi_tennis_012,,,,,,,,
chapter_yowashi_tennis_012,kayo,normal,,3人がやるなら私も……べ、別にやりたいってわけじゃないんだからね！！,chapter_yowashi_tennis_013,,,,,,,,
chapter_yowashi_tennis_013,yowashi,normal,,じゃあすぐやろう！！チームは私とドウテくん、カヨちゃんとモテルくんでいい？,chapter_yowashi_tennis_014,,,,,,,,
chapter_yowashi_tennis_014,,,,いいよ！,chapter_yowashi_tennis_015,,,,,,,,
chapter_yowashi_tennis_015,,,,大丈夫,chapter_yowashi_tennis_016,,,,,,,,
chapter_yowashi_tennis_016,,,,し、仕方ないわね！,chapter_yowashi_tennis_017,,,,,,,,
chapter_yowashi_tennis_017,doute,normal,,"よし、ヨワシちゃん一緒に頑張ろう！
　昨日かなり息切れしてたけど体調は大丈夫そう？",chapter_yowashi_tennis_018,,,,,,,,
chapter_yowashi_tennis_018,yowashi,normal,,もちのろんですよ！！たっぷり休んだし、何よりドウテくんもいるしね〜,chapter_yowashi_tennis_019,,,,,,,,
chapter_yowashi_tennis_019,doute,normal,,え、それってどういう……,chapter_yowashi_tennis_020,,,,,,,,
chapter_yowashi_tennis_020,yowashi,normal,,さ、あの2人も盛り上がってるし、早速始めよ〜！,chapter_yowashi_tennis_021,,,,,,,,
chapter_yowashi_tennis_021,doute,normal,,(初めてやったテニスはとても楽しかった。みんな初めてだったみたいでぎこちなかったけれど、それでも女の友達とスポーツをするという初めての経験もあいまってとても楽しかった。みんな笑顔だ。),chapter_yowashi_tennis_022,,,,,,,,
chapter_yowashi_tennis_022,doute,normal,,(あれ、そういえばヨワシちゃんがやけに静かじゃないか？いつもはあんなに元気にはしゃいでるのに……),chapter_yowashi_tennis_023,,,,,,,,
chapter_yowashi_tennis_023,yowashi,normal,,…………,chapter_yowashi_tennis_024,,,,,,,,
chapter_yowashi_tennis_024,doute,normal,,ヨワシちゃん大丈夫？めっちゃ息切れしてるけど……,chapter_yowashi_tennis_025,,,,,,,,
chapter_yowashi_tennis_025,yowashi,normal,,…………,chapter_yowashi_tennis_026,,,,,,,,
chapter_yowashi_tennis_026,doute,normal,,ヨ、ヨワシちゃん……？,chapter_yowashi_tennis_027,,,,,,,,
chapter_yowashi_tennis_027,,,,(突然ヨワシちゃんがパタリと倒れた。),chapter_yowashi_tennis_028,,,,,,,,
chapter_yowashi_tennis_028,kayo,normal,,ヨ、ヨワシ！？大丈夫！？,chapter_yowashi_tennis_029,,,,,,,,
chapter_yowashi_tennis_029,moteru,normal,,カヨさんそんなに走ると危ないよ！,chapter_yowashi_tennis_030,,,,,,,,
chapter_yowashi_tennis_030,,,,(とモテルが言い終わる前にカヨちゃんが本棚に思いっきりぶつかり、カチリという音がして本棚がカヨちゃんの方に倒れ込んできた),chapter_yowashi_tennis_031,,,,,,,,
chapter_yowashi_tennis_031,moteru,normal,,カヨさん大丈夫！？意識あるなら何か返事して！,chapter_yowashi_tennis_032,,,,,,,,
chapter_yowashi_tennis_032,kayo,normal,,わ、私は大丈夫……それよりヨワシは……ヨワシは大丈夫なの……？,chapter_yowashi_tennis_033,,,,,,,,
chapter_yowashi_tennis_033,doute,normal,,少なくともさっきので怪我とかはしてないよ。だけどこれじゃ……どうすれば！！！,,,,,,,,,
