lineId,speakerId,expressionId,backgroundPath,text,nextLineId,nextScenePath,archiveUnlockIds
chapter_yowashi_medicalbook_001,doute,normal,Assets/Art/Backgrounds/white_room.png,"何だこの本は？専門用語が多すぎてよく分からない……",chapter_yowashi_medicalbook_002,,
chapter_yowashi_medicalbook_002,moteru,normal,,"ドウテくんこんにちは。どうしたの？そんなに難しい顔して",chapter_yowashi_medicalbook_003,,
chapter_yowashi_medicalbook_003,doute,normal,,"ん？モテル！！もしかしてモテルってこの本ってどんな本かわかったりしない？",chapter_yowashi_medicalbook_004,,
chapter_yowashi_medicalbook_004,moteru,normal,,"これは……僕もそこまでよく分からないけど、医学書じゃないかな？SpO2っていうのは聞いたことあるよ。確か……血管の中の酸素濃度じゃなかった？",chapter_yowashi_medicalbook_005,,
chapter_yowashi_medicalbook_005,doute,normal,,"え？医学書？",chapter_yowashi_medicalbook_006,,
chapter_yowashi_medicalbook_006,moteru,normal,,"うん。このあたり、喘息について書いてあるよ。こんな本ドウテくんは持ってたんだね！やっぱり凄いよ！！",chapter_yowashi_medicalbook_007,,
chapter_yowashi_medicalbook_007,doute,normal,,"いやごめん……これその辺に落ちてた本らしくてさ……
　っていうか、モテルはどうしてそんなこと知ってたんだ？そういうのってあんまり勉強する機会なくない？",chapter_yowashi_medicalbook_008,,
chapter_yowashi_medicalbook_008,moteru,normal,,"いやまぁそれは……憧れの人に何かあったらｺﾞﾆｮｺﾞﾆｮ……",chapter_yowashi_medicalbook_009,,
chapter_yowashi_medicalbook_009,doute,normal,,"？
　よく聞こえなかったからもう一度行ってくれないか？",chapter_yowashi_medicalbook_010,,
chapter_yowashi_medicalbook_010,moteru,normal,,"だ、大丈夫！大したことじゃないから……
　それよりこの本に書いてあること、ざっくりでいいなら教えようか？僕がわかることだけだけど……",chapter_yowashi_medicalbook_011,,
chapter_yowashi_medicalbook_011,doute,normal,,"ぜひともお願いいたします、モテル様",chapter_yowashi_medicalbook_012,,
chapter_yowashi_medicalbook_012,moteru,normal,,"なんだかくすぐったいね。頑張るよ！",chapter_yowashi_medicalbook_013,,
chapter_yowashi_medicalbook_013,moteru,normal,,"(その後3時間ほどみっちり医学書の内容を教え込まれた。)",chapter_yowashi_medicalbook_014,,
chapter_yowashi_medicalbook_014,,,,"［情報］医学書の知識　を手に入れた！",,,chapter_yowashi.medical_knowledge
